Name,Slug,Collection ID,Item ID,Created On,Updated On,Published On,Logo
American Airlines,american-airlines,64114d13ef7aa84df73831a6,64114d13ef7aa8ec1c38343c,Tue Sep 20 2022 05:05:26 GMT+0000 (Coordinated Universal Time),Tue Sep 20 2022 05:05:41 GMT+0000 (Coordinated Universal Time),Wed Jan 25 2023 15:47:41 GMT+0000 (Coordinated Universal Time),https://uploads-ssl.webflow.com/64114d13ef7aa8db1538315d/64114d13ef7aa86cdb3833bf_62aa625cbcd9aee35b4d230a_output-onlinepngtools%20(7).webp
Ditch Witch,ditch-witch,64114d13ef7aa84df73831a6,64114d13ef7aa85b12383453,Tue Sep 20 2022 05:06:39 GMT+0000 (Coordinated Universal Time),Tue Sep 20 2022 05:06:39 GMT+0000 (Coordinated Universal Time),Wed Jan 25 2023 15:47:41 GMT+0000 (Coordinated Universal Time),https://uploads-ssl.webflow.com/64114d13ef7aa8db1538315d/64114d13ef7aa80d3b3833c7_62d776d3e7b9b7020b799fc3_Group%201%20(1).webp
Gulfstream,gulfstream,64114d13ef7aa84df73831a6,64114d13ef7aa8424738343d,Tue Sep 20 2022 05:06:00 GMT+0000 (Coordinated Universal Time),Tue Sep 20 2022 05:06:00 GMT+0000 (Coordinated Universal Time),Wed Jan 25 2023 15:47:41 GMT+0000 (Coordinated Universal Time),https://uploads-ssl.webflow.com/64114d13ef7aa8db1538315d/64114d13ef7aa82eb73833be_62aa62a20bc59e62b46040de_output-onlinepngtools%20(8).webp
Haliburton,haliburton,64114d13ef7aa84df73831a6,64114d13ef7aa85475383454,Tue Sep 20 2022 05:06:51 GMT+0000 (Coordinated Universal Time),Tue Sep 20 2022 05:06:51 GMT+0000 (Coordinated Universal Time),Wed Jan 25 2023 15:47:41 GMT+0000 (Coordinated Universal Time),https://uploads-ssl.webflow.com/64114d13ef7aa8db1538315d/64114d13ef7aa8e4aa3833c1_62d777256582956c68d3b885_output-onlinepngtools%20(17)%20(1).webp
John Deere,john-deere,64114d13ef7aa84df73831a6,64114d13ef7aa8c06538343e,Tue Sep 20 2022 05:06:13 GMT+0000 (Coordinated Universal Time),Tue Sep 20 2022 05:06:13 GMT+0000 (Coordinated Universal Time),Wed Jan 25 2023 15:47:41 GMT+0000 (Coordinated Universal Time),https://uploads-ssl.webflow.com/64114d13ef7aa8db1538315d/64114d13ef7aa8912e3833c2_62aa635314e0d31bc02dcd91_purepng%201.webp
Kimberly Clark,kimberly-clark,64114d13ef7aa84df73831a6,64114d13ef7aa8c2b7383437,Tue Sep 20 2022 01:41:43 GMT+0000 (Coordinated Universal Time),Tue Sep 20 2022 01:41:43 GMT+0000 (Coordinated Universal Time),Wed Jan 25 2023 15:47:41 GMT+0000 (Coordinated Universal Time),https://uploads-ssl.webflow.com/64114d13ef7aa8db1538315d/64114d13ef7aa8976e38337a_62d77794efac8851e45ed264_output-onlinepngtools%20(18).webp
Penske,penske,64114d13ef7aa84df73831a6,64114d13ef7aa814da383438,Tue Sep 20 2022 01:42:08 GMT+0000 (Coordinated Universal Time),Tue Sep 20 2022 01:42:08 GMT+0000 (Coordinated Universal Time),Wed Jan 25 2023 15:47:41 GMT+0000 (Coordinated Universal Time),https://uploads-ssl.webflow.com/64114d13ef7aa8db1538315d/64114d13ef7aa822ef38338b_62d7783fa42cb27a2aac8f6d_Penske_Truck_Leasing-Logo.wine.png
Quiktrip,quiktrip,64114d13ef7aa84df73831a6,64114d13ef7aa8619a38343a,Tue Sep 20 2022 05:03:31 GMT+0000 (Coordinated Universal Time),Tue Sep 20 2022 05:03:31 GMT+0000 (Coordinated Universal Time),Wed Jan 25 2023 15:47:41 GMT+0000 (Coordinated Universal Time),https://uploads-ssl.webflow.com/64114d13ef7aa8db1538315d/64114d13ef7aa8d0293833bd_62aa61b674fb455f66aa2ffa_output-onlinepngtools%20(6).webp
Sunstate,sunstate,64114d13ef7aa84df73831a6,64114d13ef7aa8011c383439,Tue Sep 20 2022 01:42:53 GMT+0000 (Coordinated Universal Time),Tue Sep 20 2022 01:42:53 GMT+0000 (Coordinated Universal Time),Wed Jan 25 2023 15:47:41 GMT+0000 (Coordinated Universal Time),https://uploads-ssl.webflow.com/64114d13ef7aa8db1538315d/64114d13ef7aa8323b3833bc_62d777e3cc7fb73e830f2e7f_output-onlinepngtools%20(20)%20(1).png
Union Pacific,union-pacific,64114d13ef7aa84df73831a6,64114d13ef7aa83c3638343b,Tue Sep 20 2022 01:42:29 GMT+0000 (Coordinated Universal Time),Tue Sep 20 2022 05:05:08 GMT+0000 (Coordinated Universal Time),Wed Jan 25 2023 15:47:41 GMT+0000 (Coordinated Universal Time),https://uploads-ssl.webflow.com/64114d13ef7aa8db1538315d/64114d13ef7aa82f303833c0_Group%20115%20(1).png
United Rentals,united-rentals,64114d13ef7aa84df73831a6,64114d13ef7aa8105238343f,Tue Sep 20 2022 05:06:26 GMT+0000 (Coordinated Universal Time),Tue Sep 20 2022 05:06:26 GMT+0000 (Coordinated Universal Time),Wed Jan 25 2023 15:47:41 GMT+0000 (Coordinated Universal Time),https://uploads-ssl.webflow.com/64114d13ef7aa8db1538315d/64114d13ef7aa886943833c3_62aa7c9413a88c7260327684_output-onlinepngtools%20-%202022-06-15T194255.619.webp
