Name,Slug,Collection ID,Item ID,Created On,Updated On,Published On,Description,Pictures,Category
Adapters,adapters,64114d13ef7aa8be0b3831a4,64114d13ef7aa8123638346a,Sun May 15 2022 21:18:05 GMT+0000 (Coordinated Universal Time),Thu Sep 22 2022 13:59:12 GMT+0000 (Coordinated Universal Time),Wed Jan 25 2023 15:47:41 GMT+0000 (Coordinated Universal Time),,https://uploads-ssl.webflow.com/64114d13ef7aa8db1538315d/64114d13ef7aa881483833c5_Group%20120%20(1).png,fittings
Air Couplers,air-couplers,64114d13ef7aa8be0b3831a4,64114d13ef7aa831e638341c,Sun May 15 2022 21:20:25 GMT+0000 (Coordinated Universal Time),Thu Sep 22 2022 13:39:18 GMT+0000 (Coordinated Universal Time),Wed Jan 25 2023 15:47:41 GMT+0000 (Coordinated Universal Time),,https://uploads-ssl.webflow.com/64114d13ef7aa8db1538315d/64114d13ef7aa8032d3832f2_Group%2066.png,couplers
Ball Valves,ball-valves,64114d13ef7aa8be0b3831a4,64114d13ef7aa87ccb383481,Thu Sep 22 2022 14:19:41 GMT+0000 (Coordinated Universal Time),Fri Dec 02 2022 19:53:37 GMT+0000 (Coordinated Universal Time),Wed Jan 25 2023 15:47:41 GMT+0000 (Coordinated Universal Time),,https://uploads-ssl.webflow.com/64114d13ef7aa8db1538315d/64114d13ef7aa81dc6383645_Group%20123.png,valves
Black Pipe,black-pipe,64114d13ef7aa8be0b3831a4,64114d13ef7aa8744a383406,Sun May 15 2022 21:18:27 GMT+0000 (Coordinated Universal Time),Tue May 24 2022 01:55:11 GMT+0000 (Coordinated Universal Time),Wed Jan 25 2023 15:47:41 GMT+0000 (Coordinated Universal Time),<p>Black pipe is the best!</p>,https://uploads-ssl.webflow.com/64114d13ef7aa8db1538315d/64114d13ef7aa88f7738336c_Group%2071.png,fittings
Black Pressure Wash Hose,black-pressure-wash-hose,64114d13ef7aa8be0b3831a4,64114d13ef7aa81f2f383489,Sun Jan 08 2023 00:07:36 GMT+0000 (Coordinated Universal Time),Wed Jan 11 2023 15:09:23 GMT+0000 (Coordinated Universal Time),Wed Jan 25 2023 15:47:41 GMT+0000 (Coordinated Universal Time),,https://uploads-ssl.webflow.com/64114d13ef7aa8db1538315d/64114d13ef7aa86f423843b1_Group%20283%20(2).png,pressure-wash
Braided Stainless Steel,braided-stainless-steel,64114d13ef7aa8be0b3831a4,64114d13ef7aa85f7438341b,Sun May 15 2022 21:09:09 GMT+0000 (Coordinated Universal Time),Tue May 24 2022 02:00:38 GMT+0000 (Coordinated Universal Time),Wed Jan 25 2023 15:47:41 GMT+0000 (Coordinated Universal Time),<p>Braided Stainless Steel is americas favorite</p>,https://uploads-ssl.webflow.com/64114d13ef7aa8db1538315d/64114d13ef7aa8da7d38336e_Group%2074.png,hose
Brake Lines,brake-lines,64114d13ef7aa8be0b3831a4,64114d13ef7aa8e160383421,Thu Jun 16 2022 03:10:52 GMT+0000 (Coordinated Universal Time),Thu Sep 22 2022 15:03:59 GMT+0000 (Coordinated Universal Time),,,https://uploads-ssl.webflow.com/64114d13ef7aa8db1538315d/64114d13ef7aa84e6e383372_brake-line-oem%201%20(1).jpg,hose
Brass,brass,64114d13ef7aa8be0b3831a4,64114d13ef7aa85890383455,Thu Sep 22 2022 13:25:23 GMT+0000 (Coordinated Universal Time),Tue Nov 22 2022 18:27:37 GMT+0000 (Coordinated Universal Time),Wed Jan 25 2023 15:47:41 GMT+0000 (Coordinated Universal Time),,https://uploads-ssl.webflow.com/64114d13ef7aa8db1538315d/64114d13ef7aa87b3c3833c4_Group%2072.png,fittings
Crimp Fittings,crimp-fittings,64114d13ef7aa8be0b3831a4,64114d13ef7aa86ad938341a,Sun May 15 2022 21:09:27 GMT+0000 (Coordinated Universal Time),Tue May 24 2022 01:58:46 GMT+0000 (Coordinated Universal Time),Wed Jan 25 2023 15:47:41 GMT+0000 (Coordinated Universal Time),<p>Crimp fitttings are the best!</p>,https://uploads-ssl.webflow.com/64114d13ef7aa8db1538315d/64114d13ef7aa84b71383347_Group%2073.png,fittings
Dry,dry,64114d13ef7aa8be0b3831a4,64114d13ef7aa84499383402,Sun May 15 2022 21:22:02 GMT+0000 (Coordinated Universal Time),Tue May 24 2022 01:22:13 GMT+0000 (Coordinated Universal Time),Wed Jan 25 2023 15:47:41 GMT+0000 (Coordinated Universal Time),<p>Dry gauges are the best!</p>,https://uploads-ssl.webflow.com/64114d13ef7aa8db1538315d/64114d13ef7aa8611438322c_HYPG-30D.jpeg,gauges
Grey Non-Marking Pressure Wash Hose,grey-pressure-wash-hose,64114d13ef7aa8be0b3831a4,64114d13ef7aa84f47383488,Sat Jan 07 2023 23:57:11 GMT+0000 (Coordinated Universal Time),Sun Jan 08 2023 17:08:59 GMT+0000 (Coordinated Universal Time),Wed Jan 25 2023 15:47:41 GMT+0000 (Coordinated Universal Time),,https://uploads-ssl.webflow.com/64114d13ef7aa8db1538315d/64114d13ef7aa846613843b2_Group%20283%20(1).png,pressure-wash
Hydraulic Couplers,hydraulic-couplers,64114d13ef7aa8be0b3831a4,64114d13ef7aa8801638341e,Tue May 10 2022 16:06:01 GMT+0000 (Coordinated Universal Time),Thu Sep 22 2022 13:39:44 GMT+0000 (Coordinated Universal Time),Wed Jan 25 2023 15:47:41 GMT+0000 (Coordinated Universal Time),"<p>An expansive selection of sizes and types of high quality, reliable hose. 2 and 4 wire hose, Thermoplastic, DOT, and special application hoses.</p>",https://uploads-ssl.webflow.com/62810d81690a15ba994fd6ed/628c3914db750885611b1ad0_Group%2067.png,couplers
Hydraulic Hose,hydraulic-hose,64114d13ef7aa8be0b3831a4,64114d13ef7aa88005383456,Sun May 15 2022 21:20:06 GMT+0000 (Coordinated Universal Time),Thu Sep 22 2022 13:58:51 GMT+0000 (Coordinated Universal Time),Wed Jan 25 2023 15:47:41 GMT+0000 (Coordinated Universal Time),,https://uploads-ssl.webflow.com/64114d13ef7aa8db1538315d/64114d13ef7aa8fa113833c6_632c6683d5bf2595ff533fe0_Group%20120.png,hose
Industrial Hose,industrial-hose,64114d13ef7aa8be0b3831a4,64114d13ef7aa8399538347e,Sun May 15 2022 21:08:11 GMT+0000 (Coordinated Universal Time),Thu Sep 22 2022 13:59:03 GMT+0000 (Coordinated Universal Time),Wed Jan 25 2023 15:47:41 GMT+0000 (Coordinated Universal Time),,https://uploads-ssl.webflow.com/64114d13ef7aa8db1538315d/64114d13ef7aa8d79d383643_62aa84bfb7e45e25089a3f5c_628c3cedfd42536dc4a2fdf8_Group%2076.png,hose
Jump Size Camlocks,jump-size-camlocks,64114d13ef7aa8be0b3831a4,64114d13ef7aa8b066383483,Sun May 15 2022 21:21:23 GMT+0000 (Coordinated Universal Time),Thu Sep 22 2022 21:44:29 GMT+0000 (Coordinated Universal Time),Wed Jan 25 2023 15:47:41 GMT+0000 (Coordinated Universal Time),<p>Jump size adapters are the best!</p>,https://uploads-ssl.webflow.com/64114d13ef7aa8db1538315d/64114d13ef7aa8f177383642_Group%20131.png,camlocks
Liquid Filled,liquid-filled,64114d13ef7aa8be0b3831a4,64114d13ef7aa803a6383403,Sun May 15 2022 21:21:47 GMT+0000 (Coordinated Universal Time),Tue May 24 2022 01:29:02 GMT+0000 (Coordinated Universal Time),Wed Jan 25 2023 15:47:41 GMT+0000 (Coordinated Universal Time),<p>Liquid filled gauges are the best!</p>,https://uploads-ssl.webflow.com/64114d13ef7aa8db1538315d/64114d13ef7aa83e4038329a_Group%2061%20(1).jpg,gauges
NST to NPT,nst-to-npt,64114d13ef7aa8be0b3831a4,64114d13ef7aa84f2b383404,Sun May 15 2022 21:22:28 GMT+0000 (Coordinated Universal Time),Tue May 24 2022 01:35:40 GMT+0000 (Coordinated Universal Time),Wed Jan 25 2023 15:47:41 GMT+0000 (Coordinated Universal Time),<p>NST&nbsp;to NPT&nbsp;fire hydrant adapters rule!</p>,https://uploads-ssl.webflow.com/64114d13ef7aa8db1538315d/64114d13ef7aa837203832da_Group%2062.png,fire-hydrant-adapters
Polypropylene,poly-banjo,64114d13ef7aa8be0b3831a4,64114d13ef7aa80dc03834a2,Sun May 15 2022 21:18:43 GMT+0000 (Coordinated Universal Time),Wed Jan 25 2023 17:07:18 GMT+0000 (Coordinated Universal Time),Wed Jan 25 2023 17:15:13 GMT+0000 (Coordinated Universal Time),<p>Poly &amp; Banjo is the best!</p><p>‚Äç</p>,https://uploads-ssl.webflow.com/64114d13ef7aa8db1538315d/64114d13ef7aa80c40383646_Group%20129.png,fittings
Blue Non-Marking Pressure Wash Hose,pressure-washing-hose-blue,64114d13ef7aa8be0b3831a4,64114d13ef7aa878d2383480,Sun May 15 2022 21:19:02 GMT+0000 (Coordinated Universal Time),Sun Jan 08 2023 17:09:09 GMT+0000 (Coordinated Universal Time),Wed Jan 25 2023 15:47:41 GMT+0000 (Coordinated Universal Time),,https://uploads-ssl.webflow.com/64114d13ef7aa8db1538315d/64114d13ef7aa8775538358f_Group%20122.png,pressure-wash
Standard Camlocks,standard-camlocks,64114d13ef7aa8be0b3831a4,64114d13ef7aa87569383484,Thu Jun 16 2022 01:18:59 GMT+0000 (Coordinated Universal Time),Fri Sep 23 2022 15:41:10 GMT+0000 (Coordinated Universal Time),Wed Jan 25 2023 15:47:41 GMT+0000 (Coordinated Universal Time),,https://uploads-ssl.webflow.com/64114d13ef7aa8db1538315d/64114d13ef7aa8d133383590_628c3786822cf76550821a50_Group%2064.png,camlocks
Swag,swag,64114d13ef7aa8be0b3831a4,64114d13ef7aa89abf383482,Thu Sep 22 2022 14:45:54 GMT+0000 (Coordinated Universal Time),Fri Dec 02 2022 20:05:24 GMT+0000 (Coordinated Universal Time),Wed Jan 25 2023 15:47:41 GMT+0000 (Coordinated Universal Time),,https://uploads-ssl.webflow.com/64114d13ef7aa8db1538315d/64114d13ef7aa8eccf383644_Group%20128.png,swag
T-Bolts,t-bolts,64114d13ef7aa8be0b3831a4,64114d13ef7aa81bc6383487,Thu Dec 29 2022 20:04:16 GMT+0000 (Coordinated Universal Time),Thu Dec 29 2022 22:58:47 GMT+0000 (Coordinated Universal Time),Wed Jan 25 2023 15:47:41 GMT+0000 (Coordinated Universal Time),,https://uploads-ssl.webflow.com/64114d13ef7aa8db1538315d/64114d13ef7aa81590384372_T-Bolt%20Clamps.png,clamps
Thermoplastic,thermoplastic,64114d13ef7aa8be0b3831a4,64114d13ef7aa8926438347f,Sun May 15 2022 21:08:30 GMT+0000 (Coordinated Universal Time),Thu Sep 22 2022 14:09:01 GMT+0000 (Coordinated Universal Time),Wed Jan 25 2023 15:47:41 GMT+0000 (Coordinated Universal Time),<p>Thermoplastic hose is the best</p>,https://uploads-ssl.webflow.com/64114d13ef7aa8db1538315d/64114d13ef7aa8612b383648_Group%20121.png,hose
Wash Accessories,wash-accessories,64114d13ef7aa8be0b3831a4,64114d13ef7aa86bcd38341d,Sun May 15 2022 21:19:27 GMT+0000 (Coordinated Universal Time),Thu Sep 22 2022 14:35:16 GMT+0000 (Coordinated Universal Time),Wed Jan 25 2023 15:47:41 GMT+0000 (Coordinated Universal Time),,https://uploads-ssl.webflow.com/64114d13ef7aa8db1538315d/64114d13ef7aa8563d38336d_Group%2068.png,pressure-wash
Wrenches,wrenches,64114d13ef7aa8be0b3831a4,64114d13ef7aa86961383405,Sun May 15 2022 21:22:50 GMT+0000 (Coordinated Universal Time),Tue May 24 2022 01:36:15 GMT+0000 (Coordinated Universal Time),Wed Jan 25 2023 15:47:41 GMT+0000 (Coordinated Universal Time),"<p>Lorem ipsum dolor sit amet, consectetur adipiscing elit. Aenean a tellus sit amet purus convallis elementum at tristique risus. Nam ac egestas ex. Sed fermentum libero magna, nec dapibus orci pellentesque eu.</p>",https://uploads-ssl.webflow.com/64114d13ef7aa8db1538315d/64114d13ef7aa8cf82383308_Group%2063.png,fire-hydrant-adapters
